text,label
Thank you for clarifying my doubts about the system notification and handling it with care.,appreciation
I appreciate your patience with my questions with the password reset and handling it with care.,appreciation
Huge thanks for your professionalism about the system notification which really helped a lot.,appreciation
I genuinely appreciate the prompt assistance related to the subscription update and being so courteous.,appreciation
So thankful for resolving my issue on the login difficulty and resolving it so smoothly.,appreciation
Huge thanks for the fast turnaround regarding the app settings and ensuring a smooth experience.,appreciation
Endless thanks for your consistent support with my recent order which made me feel valued as a customer.,appreciation
I'm grateful for the fast turnaround about the service interruption and making everything stress free.,appreciation
I'm really grateful for handling my concern so efficiently regarding the app settings and being so courteous.,appreciation
I appreciate your patience with my questions with the profile update and making everything stress free.,appreciation
Thanks so much for the smooth support experience with the payment clarification and resolving it so smoothly.,appreciation
Many thanks for following up so quickly with my recent order and being so courteous.,appreciation
Thank you for helping me sort this out with the payment clarification and providing such reliable service.,appreciation
I'm really grateful for clarifying my doubts regarding the app settings and ensuring a smooth experience.,appreciation
I truly appreciate your consistent support about the service interruption and taking the time to explain clearly.,appreciation
So thankful for your patience with my questions with the password reset and providing such reliable service.,appreciation
I want to thank you for the detailed explanation about the delivery question which really helped a lot.,appreciation
Huge thanks for your outstanding assistance with the recent transaction and going above and beyond.,appreciation
I'm grateful for your quick response with the recent transaction and delivering excellent service.,appreciation
I truly appreciate your patience with my questions regarding the account verification and going above and beyond.,appreciation
I genuinely appreciate addressing my request about the system notification and taking the time to explain clearly.,appreciation
Warm thanks for the prompt assistance about the system notification and making it simple to understand.,appreciation
I want to thank you for the fast turnaround regarding the support ticket which exceeded my expectations.,appreciation
I can't thank you enough for your attentive service with the upgrade inquiry and making everything stress free.,appreciation
I'm grateful for handling my concern so efficiently about the system notification and providing such reliable service.,appreciation
I deeply appreciate making the process easy regarding the technical glitch and taking the time to explain clearly.,appreciation
My thanks for the smooth support experience about the billing concern and making it simple to understand.,appreciation
I'm grateful for handling my concern so efficiently about the system notification and responding so professionally.,appreciation
I'm really grateful for making the process easy with the profile update and making it simple to understand.,appreciation
Thanks so much for your helpful guidance on the login difficulty which exceeded my expectations.,appreciation
I appreciate your helpful guidance about the service interruption and delivering excellent service.,appreciation
Thank you for clarifying my doubts about the billing concern and making it simple to understand.,appreciation
Thank you for the detailed explanation on the login difficulty which made me feel valued as a customer.,appreciation
Thank you for the detailed explanation about the system notification and handling it with care.,appreciation
Many thanks for guiding me through the process about the feature request which made a big difference.,appreciation
I'm very thankful for the prompt assistance regarding the app settings and making the whole process seamless.,appreciation
I'm very thankful for your consistent support about the system notification and making the whole process seamless.,appreciation
I sincerely value your helpful guidance regarding the app settings and taking the time to explain clearly.,appreciation
I truly appreciate taking care of this about the delivery question which made a big difference.,appreciation
Much appreciation for your patience with my questions about the service interruption which I truly appreciate.,appreciation
I truly appreciate your professionalism regarding my account access which really helped a lot.,appreciation
I deeply appreciate following up so quickly about the service interruption which really helped a lot.,appreciation
I deeply appreciate following up so quickly with the payment clarification and making everything stress free.,appreciation
My thanks for resolving my issue regarding the support ticket which made a big difference.,appreciation
Many thanks for the prompt assistance about the system notification and keeping me informed throughout.,appreciation
Thanks so much for your quick response related to the subscription update and making the whole process seamless.,appreciation
So thankful for the prompt assistance about the feature request which saved me a lot of time.,appreciation
Thanks so much for your outstanding assistance with the upgrade inquiry which saved me a lot of time.,appreciation
I deeply appreciate resolving my issue regarding the app settings and handling it with care.,appreciation
Much appreciation for taking care of this related to the subscription update and responding so professionally.,appreciation
I want to thank you for your consistent support regarding my account access and taking the time to explain clearly.,appreciation
I want to thank you for clarifying my doubts with the upgrade inquiry and ensuring a smooth experience.,appreciation
I'm very thankful for clarifying my doubts with the payment clarification and keeping me informed throughout.,appreciation
I'm very thankful for helping me sort this out regarding my account access which exceeded my expectations.,appreciation
I can't thank you enough for clarifying my doubts with the password reset which I truly appreciate.,appreciation
My thanks for the detailed explanation regarding the account verification and handling it with care.,appreciation
So thankful for your consistent support about the delivery question which exceeded my expectations.,appreciation
Warm thanks for following up so quickly with the recent transaction and resolving it so smoothly.,appreciation
I deeply appreciate clarifying my doubts about the feature request and offering such thoughtful support.,appreciation
So thankful for your patience with my questions with the profile update which made a big difference.,appreciation
Much appreciation for your outstanding assistance about the delivery question which really helped a lot.,appreciation
Thank you for your consistent support regarding the technical glitch and resolving it so smoothly.,appreciation
I truly appreciate the prompt assistance about the plan modification which I truly appreciate.,appreciation
Thanks so much for the detailed explanation about the feature request which exceeded my expectations.,appreciation
I appreciate your patience with my questions about the feature request which I truly appreciate.,appreciation
Thank you for the detailed explanation with the profile update and offering such thoughtful support.,appreciation
I want to thank you for the fast turnaround with my recent order and offering such thoughtful support.,appreciation
Thank you for your patience with my questions with the profile update which I truly appreciate.,appreciation
Warm thanks for making the process easy regarding my account access and making it simple to understand.,appreciation
My thanks for the smooth support experience regarding the technical glitch and offering such thoughtful support.,appreciation
I appreciate resolving my issue regarding the account verification and taking the time to explain clearly.,appreciation
I sincerely value the detailed explanation regarding the app settings and offering such thoughtful support.,appreciation
Thanks so much for your attentive service related to the subscription update and going above and beyond.,appreciation
A big thank you for following up so quickly about the plan modification which made me feel valued as a customer.,appreciation
I'm very thankful for handling my concern so efficiently about the feature request and making the whole process seamless.,appreciation
I want to thank you for resolving my issue with the payment clarification and handling it with care.,appreciation
A big thank you for your patience with my questions about the plan modification and making the whole process seamless.,appreciation
Much appreciation for your professionalism regarding my account access which exceeded my expectations.,appreciation
I'm very thankful for following up so quickly about the delivery question and responding so professionally.,appreciation
Endless thanks for your consistent support regarding the support ticket and making it simple to understand.,appreciation
Thanks so much for handling my concern so efficiently regarding the technical glitch and offering such thoughtful support.,appreciation
So thankful for taking care of this related to the subscription update and being so courteous.,appreciation
Thanks so much for the prompt assistance regarding the app settings and providing such reliable service.,appreciation
I truly appreciate making the process easy with the recent transaction and offering such thoughtful support.,appreciation
I can't thank you enough for handling my concern so efficiently about the delivery question and offering such thoughtful support.,appreciation
I sincerely value making the process easy with my recent order and handling it with care.,appreciation
Huge thanks for making the process easy about the delivery question and providing such reliable service.,appreciation
I'm very thankful for handling my concern so efficiently about the billing concern and making the whole process seamless.,appreciation
A big thank you for addressing my request regarding the app settings and keeping me informed throughout.,appreciation
I can't thank you enough for your professionalism regarding the app settings and making the whole process seamless.,appreciation
So thankful for your quick response about the delivery question and providing such reliable service.,appreciation
I appreciate the detailed explanation with the password reset and ensuring a smooth experience.,appreciation
I genuinely appreciate handling my concern so efficiently about the delivery question and delivering excellent service.,appreciation
I'm very thankful for making the process easy regarding the account verification and offering such thoughtful support.,appreciation
Warm thanks for the fast turnaround with the recent transaction and being so courteous.,appreciation
Thank you for making the process easy with the recent transaction and offering such thoughtful support.,appreciation
Endless thanks for the smooth support experience about the plan modification and making everything stress free.,appreciation
My thanks for following up so quickly with the profile update and making it simple to understand.,appreciation
Huge thanks for your patience with my questions with the password reset which saved me a lot of time.,appreciation
I deeply appreciate the prompt assistance on the login difficulty which really helped a lot.,appreciation
Endless thanks for the detailed explanation with my recent order and making the whole process seamless.,appreciation
I deeply appreciate following up so quickly regarding the refund process and providing such reliable service.,appreciation
Many thanks for your professionalism about the feature request and taking the time to explain clearly.,appreciation
Endless thanks for the smooth support experience regarding the refund process and resolving it so smoothly.,appreciation
Endless thanks for following up so quickly regarding my account access and ensuring a smooth experience.,appreciation
So thankful for your patience with my questions about the feature request and going above and beyond.,appreciation
I truly appreciate your helpful guidance about the delivery question and handling it with care.,appreciation
I genuinely appreciate your outstanding assistance regarding my account access and providing such reliable service.,appreciation
I'm very thankful for following up so quickly regarding the technical glitch which made me feel valued as a customer.,appreciation
Endless thanks for your consistent support regarding the app settings and keeping me informed throughout.,appreciation
I can't thank you enough for the prompt assistance about the delivery question and taking the time to explain clearly.,appreciation
So thankful for your professionalism related to the subscription update which saved me a lot of time.,appreciation
Huge thanks for your quick response with the upgrade inquiry and making everything stress free.,appreciation
Much appreciation for resolving my issue with the upgrade inquiry and providing such reliable service.,appreciation
So thankful for guiding me through the process related to the subscription update and taking the time to explain clearly.,appreciation
Thank you for your quick response regarding the app settings and offering such thoughtful support.,appreciation
So thankful for your outstanding assistance about the service interruption which exceeded my expectations.,appreciation
Much appreciation for your quick response with the payment clarification which made me feel valued as a customer.,appreciation
I deeply appreciate making the process easy with the password reset and being so courteous.,appreciation
Much appreciation for the fast turnaround regarding the app settings which really helped a lot.,appreciation
Warm thanks for making the process easy about the plan modification and offering such thoughtful support.,appreciation
A big thank you for following up so quickly about the delivery question which made a big difference.,appreciation
So thankful for taking care of this about the system notification and offering such thoughtful support.,appreciation
I genuinely appreciate your outstanding assistance about the system notification and making everything stress free.,appreciation
Thanks so much for the detailed explanation with the recent transaction and delivering excellent service.,appreciation
I want to thank you for the prompt assistance about the service interruption and providing such reliable service.,appreciation
Many thanks for your professionalism about the feature request and handling it with care.,appreciation
Many thanks for taking care of this on the login difficulty which exceeded my expectations.,appreciation
Many thanks for your professionalism regarding the account verification and taking the time to explain clearly.,appreciation
Many thanks for your consistent support with the upgrade inquiry and ensuring a smooth experience.,appreciation
I genuinely appreciate your helpful guidance regarding the app settings which I truly appreciate.,appreciation
Warm thanks for clarifying my doubts about the service interruption and making everything stress free.,appreciation
Thanks so much for addressing my request regarding the app settings and resolving it so smoothly.,appreciation
I can't thank you enough for making the process easy regarding the account verification which made me feel valued as a customer.,appreciation
Many thanks for helping me sort this out regarding my account access and ensuring a smooth experience.,appreciation
Endless thanks for your professionalism with the recent transaction which saved me a lot of time.,appreciation
I can't thank you enough for your professionalism about the feature request which exceeded my expectations.,appreciation
I'm really grateful for your outstanding assistance about the plan modification and offering such thoughtful support.,appreciation
Warm thanks for your professionalism with the password reset which made me feel valued as a customer.,appreciation
Warm thanks for addressing my request regarding the account verification which I truly appreciate.,appreciation
I appreciate the smooth support experience about the delivery question which made me feel valued as a customer.,appreciation
Thanks so much for clarifying my doubts related to the subscription update and handling it with care.,appreciation
I sincerely value your attentive service with the profile update which made a big difference.,appreciation
I sincerely value making the process easy with the recent transaction and responding so professionally.,appreciation
Thank you for your quick response with my recent order and resolving it so smoothly.,appreciation
Many thanks for taking care of this related to the subscription update and keeping me informed throughout.,appreciation
I'm very thankful for your outstanding assistance about the delivery question which exceeded my expectations.,appreciation
So thankful for your attentive service with the upgrade inquiry and taking the time to explain clearly.,appreciation
Many thanks for your helpful guidance regarding my account access and taking the time to explain clearly.,appreciation
I can't thank you enough for your attentive service with the recent transaction and responding so professionally.,appreciation
Warm thanks for your outstanding assistance regarding my account access and ensuring a smooth experience.,appreciation
I genuinely appreciate the fast turnaround regarding the support ticket which made a big difference.,appreciation
I can't thank you enough for clarifying my doubts with the profile update and going above and beyond.,appreciation
I'm very thankful for the fast turnaround about the system notification and making the whole process seamless.,appreciation
I deeply appreciate making the process easy with my recent order and responding so professionally.,appreciation
Thank you for your patience with my questions with the password reset and being so courteous.,appreciation
Thanks so much for your quick response regarding the support ticket and delivering excellent service.,appreciation
I'm very thankful for your helpful guidance about the delivery question and being so courteous.,appreciation
Endless thanks for your professionalism with the payment clarification and providing such reliable service.,appreciation
I genuinely appreciate your outstanding assistance with the recent transaction which I truly appreciate.,appreciation
I deeply appreciate the prompt assistance on the login difficulty and delivering excellent service.,appreciation
I genuinely appreciate the prompt assistance with the recent transaction and providing such reliable service.,appreciation
A big thank you for following up so quickly on the login difficulty which I truly appreciate.,appreciation
I truly appreciate resolving my issue regarding the refund process and resolving it so smoothly.,appreciation
Many thanks for clarifying my doubts on the login difficulty and providing such reliable service.,appreciation
I truly appreciate making the process easy regarding the refund process and ensuring a smooth experience.,appreciation
Huge thanks for your consistent support with the payment clarification and being so courteous.,appreciation
Huge thanks for the fast turnaround regarding the app settings and keeping me informed throughout.,appreciation
Thank you for taking care of this about the delivery question and providing such reliable service.,appreciation
Much appreciation for the prompt assistance with the profile update and handling it with care.,appreciation
I can't thank you enough for your patience with my questions with the payment clarification and making the whole process seamless.,appreciation
Endless thanks for your outstanding assistance about the system notification and responding so professionally.,appreciation
Endless thanks for your attentive service regarding the refund process and making the whole process seamless.,appreciation
I truly appreciate the smooth support experience regarding my account access and being so courteous.,appreciation
My thanks for resolving my issue about the plan modification and keeping me informed throughout.,appreciation
Many thanks for your consistent support regarding the technical glitch and providing such reliable service.,appreciation
My thanks for your outstanding assistance regarding the technical glitch and taking the time to explain clearly.,appreciation
Huge thanks for the prompt assistance with the payment clarification and taking the time to explain clearly.,appreciation
I can't thank you enough for the smooth support experience on the login difficulty and being so courteous.,appreciation
My thanks for resolving my issue with my recent order which I truly appreciate.,appreciation
Warm thanks for your quick response regarding the technical glitch which made me feel valued as a customer.,appreciation
I can't thank you enough for handling my concern so efficiently with my recent order which I truly appreciate.,appreciation
I want to thank you for the smooth support experience regarding the support ticket and making everything stress free.,appreciation
I'm really grateful for guiding me through the process regarding the app settings and making it simple to understand.,appreciation
I truly appreciate the fast turnaround regarding the support ticket and being so courteous.,appreciation
I truly appreciate helping me sort this out on the login difficulty and taking the time to explain clearly.,appreciation
I truly appreciate your helpful guidance related to the subscription update and taking the time to explain clearly.,appreciation
I appreciate making the process easy with the payment clarification which saved me a lot of time.,appreciation
Thank you for your consistent support with the recent transaction and making it simple to understand.,appreciation
I sincerely value the prompt assistance about the system notification and making everything stress free.,appreciation
I deeply appreciate helping me sort this out regarding the support ticket and resolving it so smoothly.,appreciation
Endless thanks for your professionalism regarding the technical glitch which made me feel valued as a customer.,appreciation
Warm thanks for clarifying my doubts regarding the support ticket and ensuring a smooth experience.,appreciation
I sincerely value the fast turnaround regarding the technical glitch and making the whole process seamless.,appreciation
Warm thanks for the prompt assistance with the upgrade inquiry and going above and beyond.,appreciation
I'm really grateful for your helpful guidance about the delivery question which really helped a lot.,appreciation
Much appreciation for taking care of this about the service interruption and making the whole process seamless.,appreciation
A big thank you for your helpful guidance with the profile update which exceeded my expectations.,appreciation
I'm very thankful for your consistent support regarding the account verification which really helped a lot.,appreciation
Thanks so much for your patience with my questions with the payment clarification and taking the time to explain clearly.,appreciation
I deeply appreciate your professionalism about the billing concern and responding so professionally.,appreciation
I deeply appreciate your helpful guidance about the system notification which saved me a lot of time.,appreciation
I'm really grateful for resolving my issue regarding the refund process and ensuring a smooth experience.,appreciation
I sincerely value your patience with my questions regarding my account access and going above and beyond.,appreciation
Much appreciation for taking care of this with the payment clarification and handling it with care.,appreciation
I'm very thankful for resolving my issue with the profile update and delivering excellent service.,appreciation
Warm thanks for handling my concern so efficiently with the profile update and responding so professionally.,appreciation
Thanks so much for your professionalism about the plan modification and being so courteous.,appreciation
I'm really grateful for resolving my issue regarding the account verification and offering such thoughtful support.,appreciation
I'm grateful for your consistent support with the password reset and being so courteous.,appreciation
I appreciate your patience with my questions related to the subscription update and being so courteous.,appreciation
Huge thanks for helping me sort this out about the system notification which exceeded my expectations.,appreciation
I'm very thankful for the prompt assistance with the password reset which I truly appreciate.,appreciation
Much appreciation for your helpful guidance about the plan modification which saved me a lot of time.,appreciation
I deeply appreciate resolving my issue with the recent transaction and making everything stress free.,appreciation
I deeply appreciate your quick response on the login difficulty which saved me a lot of time.,appreciation
I can't thank you enough for handling my concern so efficiently with the profile update and responding so professionally.,appreciation
My thanks for the prompt assistance with the upgrade inquiry and being so courteous.,appreciation
I genuinely appreciate your patience with my questions regarding my account access and making it simple to understand.,appreciation
My thanks for the prompt assistance on the login difficulty which made me feel valued as a customer.,appreciation
I want to thank you for taking care of this regarding the app settings and providing such reliable service.,appreciation
I appreciate helping me sort this out about the billing concern and offering such thoughtful support.,appreciation
I can't thank you enough for your consistent support regarding the support ticket which made a big difference.,appreciation
I'm really grateful for handling my concern so efficiently with the upgrade inquiry and making it simple to understand.,appreciation
Many thanks for following up so quickly with the recent transaction and ensuring a smooth experience.,appreciation
Thank you for taking care of this regarding the support ticket and responding so professionally.,appreciation
I'm very thankful for your attentive service with the profile update and responding so professionally.,appreciation
I'm very thankful for your helpful guidance about the feature request and making everything stress free.,appreciation
I'm grateful for your attentive service about the billing concern and ensuring a smooth experience.,appreciation
Much appreciation for your quick response with the upgrade inquiry and going above and beyond.,appreciation
Thanks so much for taking care of this regarding my account access and making the whole process seamless.,appreciation
I sincerely value guiding me through the process with the profile update and providing such reliable service.,appreciation
I genuinely appreciate the fast turnaround on the login difficulty which exceeded my expectations.,appreciation
Thanks so much for your consistent support regarding the technical glitch and delivering excellent service.,appreciation
Thanks so much for your patience with my questions about the billing concern and resolving it so smoothly.,appreciation
I genuinely appreciate clarifying my doubts about the feature request which made me feel valued as a customer.,appreciation
I can't thank you enough for the smooth support experience regarding my account access and offering such thoughtful support.,appreciation
So thankful for your consistent support about the feature request and handling it with care.,appreciation
I appreciate helping me sort this out regarding the technical glitch and making the whole process seamless.,appreciation
Much appreciation for following up so quickly about the delivery question and making everything stress free.,appreciation
I genuinely appreciate your quick response about the system notification and offering such thoughtful support.,appreciation
Endless thanks for resolving my issue with the upgrade inquiry which made me feel valued as a customer.,appreciation
I sincerely value your professionalism about the plan modification which I truly appreciate.,appreciation
My thanks for clarifying my doubts regarding the account verification and resolving it so smoothly.,appreciation
I want to thank you for your consistent support with my recent order and responding so professionally.,appreciation
I genuinely appreciate clarifying my doubts with the payment clarification which really helped a lot.,appreciation
So thankful for following up so quickly regarding the account verification and taking the time to explain clearly.,appreciation
I'm really grateful for making the process easy with the password reset and responding so professionally.,appreciation
I truly appreciate addressing my request with the profile update which saved me a lot of time.,appreciation
I deeply appreciate taking care of this with the upgrade inquiry and being so courteous.,appreciation
A big thank you for your professionalism with my recent order and responding so professionally.,appreciation
Endless thanks for the prompt assistance regarding the refund process which saved me a lot of time.,appreciation
I can't thank you enough for guiding me through the process about the delivery question and handling it with care.,appreciation
Thanks so much for guiding me through the process with the upgrade inquiry and providing such reliable service.,appreciation
Thanks so much for taking care of this about the delivery question and providing such reliable service.,appreciation
I'm very thankful for your outstanding assistance with the payment clarification and providing such reliable service.,appreciation
Thank you for guiding me through the process regarding the support ticket which I truly appreciate.,appreciation
Much appreciation for resolving my issue about the billing concern and taking the time to explain clearly.,appreciation
I deeply appreciate your quick response related to the subscription update and taking the time to explain clearly.,appreciation
I genuinely appreciate addressing my request regarding the account verification and delivering excellent service.,appreciation
I genuinely appreciate following up so quickly on the login difficulty which exceeded my expectations.,appreciation
So thankful for clarifying my doubts about the billing concern and making the whole process seamless.,appreciation
Thanks so much for the fast turnaround with the upgrade inquiry and making it simple to understand.,appreciation
I appreciate your patience with my questions regarding my account access and responding so professionally.,appreciation
Warm thanks for clarifying my doubts regarding the account verification which made me feel valued as a customer.,appreciation
I want to thank you for following up so quickly with the profile update which saved me a lot of time.,appreciation
Warm thanks for the prompt assistance with the payment clarification and taking the time to explain clearly.,appreciation
I sincerely value the detailed explanation on the login difficulty which really helped a lot.,appreciation
My thanks for the prompt assistance about the service interruption and responding so professionally.,appreciation
I'm really grateful for your patience with my questions with the password reset and taking the time to explain clearly.,appreciation
Thank you for guiding me through the process on the login difficulty which saved me a lot of time.,appreciation
My thanks for helping me sort this out related to the subscription update and resolving it so smoothly.,appreciation
I truly appreciate your outstanding assistance about the billing concern and going above and beyond.,appreciation
Many thanks for taking care of this with the password reset and providing such reliable service.,appreciation
I can't thank you enough for resolving my issue on the login difficulty and making everything stress free.,appreciation
A big thank you for resolving my issue regarding the app settings which exceeded my expectations.,appreciation
Much appreciation for addressing my request about the plan modification which saved me a lot of time.,appreciation
Huge thanks for resolving my issue regarding the account verification and delivering excellent service.,appreciation
Warm thanks for taking care of this related to the subscription update which made a big difference.,appreciation
I want to thank you for following up so quickly about the delivery question which made me feel valued as a customer.,appreciation
I genuinely appreciate following up so quickly with my recent order and responding so professionally.,appreciation
I'm really grateful for handling my concern so efficiently about the system notification which saved me a lot of time.,appreciation
Thanks so much for making the process easy about the service interruption which made a big difference.,appreciation
I deeply appreciate the smooth support experience regarding the support ticket and resolving it so smoothly.,appreciation
Thank you for making the process easy regarding the account verification and making the whole process seamless.,appreciation
Warm thanks for your helpful guidance on the login difficulty which made a big difference.,appreciation
Much appreciation for handling my concern so efficiently with the upgrade inquiry and keeping me informed throughout.,appreciation
I want to thank you for your attentive service about the system notification and being so courteous.,appreciation
I appreciate handling my concern so efficiently with the upgrade inquiry and making the whole process seamless.,appreciation
I can't thank you enough for taking care of this related to the subscription update and being so courteous.,appreciation
Many thanks for addressing my request related to the subscription update and keeping me informed throughout.,appreciation
I deeply appreciate your consistent support with the profile update and making it simple to understand.,appreciation
So thankful for your outstanding assistance regarding my account access which I truly appreciate.,appreciation
Thank you for handling my concern so efficiently about the service interruption which I truly appreciate.,appreciation
I'm really grateful for following up so quickly related to the subscription update and resolving it so smoothly.,appreciation
I'm grateful for following up so quickly about the system notification and providing such reliable service.,appreciation
Many thanks for the prompt assistance regarding the refund process which made a big difference.,appreciation
I genuinely appreciate the detailed explanation regarding the app settings and delivering excellent service.,appreciation
Thanks so much for taking care of this about the feature request and going above and beyond.,appreciation
Huge thanks for your patience with my questions on the login difficulty and handling it with care.,appreciation
I appreciate your professionalism regarding the technical glitch and handling it with care.,appreciation
I'm grateful for your quick response with my recent order and responding so professionally.,appreciation
Endless thanks for your professionalism about the billing concern which I truly appreciate.,appreciation
I'm grateful for following up so quickly regarding the technical glitch and ensuring a smooth experience.,appreciation
A big thank you for your quick response with the recent transaction and making everything stress free.,appreciation
I can't thank you enough for taking care of this regarding the account verification and taking the time to explain clearly.,appreciation
I genuinely appreciate your professionalism with the recent transaction and keeping me informed throughout.,appreciation
I want to thank you for your professionalism about the plan modification and being so courteous.,appreciation
I'm really grateful for resolving my issue about the feature request which exceeded my expectations.,appreciation
Endless thanks for the detailed explanation regarding the technical glitch which exceeded my expectations.,appreciation
Much appreciation for resolving my issue with my recent order which made me feel valued as a customer.,appreciation
Thanks so much for the smooth support experience on the login difficulty which made me feel valued as a customer.,appreciation
I genuinely appreciate your quick response on the login difficulty and handling it with care.,appreciation
Much appreciation for resolving my issue regarding my account access and handling it with care.,appreciation
Much appreciation for resolving my issue regarding the refund process which really helped a lot.,appreciation
I truly appreciate following up so quickly regarding my account access and being so courteous.,appreciation
I want to thank you for helping me sort this out about the billing concern and resolving it so smoothly.,appreciation
Many thanks for guiding me through the process about the service interruption and taking the time to explain clearly.,appreciation
Thank you for following up so quickly about the system notification and ensuring a smooth experience.,appreciation
Huge thanks for handling my concern so efficiently regarding the account verification and making the whole process seamless.,appreciation
My thanks for following up so quickly related to the subscription update which saved me a lot of time.,appreciation
I sincerely value your consistent support about the feature request which I truly appreciate.,appreciation
Thank you for your outstanding assistance about the system notification and ensuring a smooth experience.,appreciation
I sincerely value helping me sort this out regarding the account verification and making the whole process seamless.,appreciation
A big thank you for your patience with my questions regarding my account access and making it simple to understand.,appreciation
I appreciate guiding me through the process with the upgrade inquiry which made me feel valued as a customer.,appreciation
I want to thank you for making the process easy about the service interruption and handling it with care.,appreciation
Warm thanks for your helpful guidance regarding the app settings which really helped a lot.,appreciation
A big thank you for handling my concern so efficiently about the delivery question and keeping me informed throughout.,appreciation
A big thank you for your attentive service with the profile update and delivering excellent service.,appreciation
I deeply appreciate the prompt assistance regarding the app settings and ensuring a smooth experience.,appreciation
A big thank you for your helpful guidance with the recent transaction and being so courteous.,appreciation
Thanks so much for addressing my request regarding the support ticket which made me feel valued as a customer.,appreciation
I truly appreciate your helpful guidance regarding the support ticket which made me feel valued as a customer.,appreciation
A big thank you for helping me sort this out with the password reset which saved me a lot of time.,appreciation
My thanks for your quick response related to the subscription update which made me feel valued as a customer.,appreciation
I appreciate the fast turnaround with the upgrade inquiry and delivering excellent service.,appreciation
So thankful for your quick response with the profile update and making everything stress free.,appreciation
I'm really grateful for resolving my issue regarding the support ticket which saved me a lot of time.,appreciation
A big thank you for your attentive service on the login difficulty and offering such thoughtful support.,appreciation
So thankful for your helpful guidance regarding my account access and resolving it so smoothly.,appreciation
Thank you for clarifying my doubts regarding the technical glitch and providing such reliable service.,appreciation
I'm very thankful for making the process easy regarding the technical glitch and handling it with care.,appreciation
I'm really grateful for your consistent support about the plan modification and handling it with care.,appreciation
I sincerely value addressing my request about the delivery question and making everything stress free.,appreciation
I'm really grateful for taking care of this on the login difficulty and making everything stress free.,appreciation
Endless thanks for the prompt assistance regarding the account verification which made me feel valued as a customer.,appreciation
I appreciate taking care of this with the payment clarification which really helped a lot.,appreciation
I'm very thankful for your consistent support with the recent transaction which made me feel valued as a customer.,appreciation
Thank you for the detailed explanation about the billing concern and responding so professionally.,appreciation
I deeply appreciate your patience with my questions regarding the technical glitch and providing such reliable service.,appreciation
Warm thanks for the fast turnaround about the feature request and keeping me informed throughout.,appreciation
I'm grateful for your patience with my questions with my recent order and keeping me informed throughout.,appreciation
I can't thank you enough for your outstanding assistance about the feature request which exceeded my expectations.,appreciation
I truly appreciate resolving my issue about the system notification and providing such reliable service.,appreciation
Endless thanks for your attentive service about the system notification and offering such thoughtful support.,appreciation
Thanks so much for your consistent support with the upgrade inquiry and offering such thoughtful support.,appreciation
I'm really grateful for your outstanding assistance with the profile update which saved me a lot of time.,appreciation
I'm really grateful for your attentive service about the feature request which exceeded my expectations.,appreciation
So thankful for making the process easy about the delivery question and taking the time to explain clearly.,appreciation
I sincerely value your consistent support regarding my account access and providing such reliable service.,appreciation
I'm grateful for your consistent support on the login difficulty and being so courteous.,appreciation
I deeply appreciate the detailed explanation regarding the app settings which exceeded my expectations.,appreciation
Endless thanks for your patience with my questions on the login difficulty and ensuring a smooth experience.,appreciation
Many thanks for the fast turnaround about the system notification and delivering excellent service.,appreciation
Thank you for the smooth support experience with the recent transaction and resolving it so smoothly.,appreciation
Huge thanks for the fast turnaround with the recent transaction and handling it with care.,appreciation
I genuinely appreciate your professionalism regarding my account access and handling it with care.,appreciation
Thanks so much for resolving my issue regarding the support ticket and offering such thoughtful support.,appreciation
Thank you for your patience with my questions with the payment clarification which made a big difference.,appreciation
I'm really grateful for your outstanding assistance regarding my account access and being so courteous.,appreciation
I can't thank you enough for resolving my issue about the plan modification and making everything stress free.,appreciation
I truly appreciate the detailed explanation with the upgrade inquiry and being so courteous.,appreciation
I can't thank you enough for taking care of this regarding my account access and keeping me informed throughout.,appreciation
I can't thank you enough for taking care of this with the profile update which really helped a lot.,appreciation
I genuinely appreciate guiding me through the process about the delivery question and taking the time to explain clearly.,appreciation
So thankful for your attentive service regarding the account verification which I truly appreciate.,appreciation
Much appreciation for your consistent support about the service interruption which made me feel valued as a customer.,appreciation
Warm thanks for guiding me through the process with the upgrade inquiry and ensuring a smooth experience.,appreciation
Endless thanks for helping me sort this out with my recent order which exceeded my expectations.,appreciation
Thanks so much for your professionalism related to the subscription update and delivering excellent service.,appreciation
I deeply appreciate guiding me through the process regarding the account verification which saved me a lot of time.,appreciation
Thanks so much for guiding me through the process with the recent transaction which really helped a lot.,appreciation
Huge thanks for your patience with my questions regarding the support ticket and providing such reliable service.,appreciation
I truly appreciate clarifying my doubts regarding the app settings and ensuring a smooth experience.,appreciation
My thanks for your outstanding assistance about the plan modification and making the whole process seamless.,appreciation
Warm thanks for your professionalism regarding the technical glitch and responding so professionally.,appreciation
I want to thank you for the fast turnaround with the password reset and making everything stress free.,appreciation
Endless thanks for your patience with my questions regarding the technical glitch which made me feel valued as a customer.,appreciation
So thankful for the fast turnaround regarding the account verification and going above and beyond.,appreciation
I'm really grateful for your quick response about the service interruption and going above and beyond.,appreciation
I'm grateful for your outstanding assistance about the feature request which made a big difference.,appreciation
Much appreciation for resolving my issue on the login difficulty which made a big difference.,appreciation
I'm really grateful for clarifying my doubts regarding the support ticket which made a big difference.,appreciation
Much appreciation for taking care of this with the password reset and responding so professionally.,appreciation
I'm grateful for the fast turnaround about the delivery question and taking the time to explain clearly.,appreciation
I'm grateful for the fast turnaround regarding the refund process and making the whole process seamless.,appreciation
Warm thanks for resolving my issue regarding the app settings and offering such thoughtful support.,appreciation
I can't thank you enough for helping me sort this out regarding the technical glitch and going above and beyond.,appreciation
I want to thank you for resolving my issue regarding the support ticket and responding so professionally.,appreciation
So thankful for your professionalism with the payment clarification and making it simple to understand.,appreciation
Endless thanks for helping me sort this out regarding the account verification and keeping me informed throughout.,appreciation
Thank you for following up so quickly with the payment clarification which really helped a lot.,appreciation
Much appreciation for making the process easy with the password reset which saved me a lot of time.,appreciation
I'm grateful for your consistent support with the payment clarification which exceeded my expectations.,appreciation
I'm grateful for your quick response regarding the account verification which saved me a lot of time.,appreciation
Thank you for handling my concern so efficiently regarding my account access which really helped a lot.,appreciation
I truly appreciate the fast turnaround with the payment clarification and ensuring a smooth experience.,appreciation
Thank you for your outstanding assistance about the feature request which really helped a lot.,appreciation
A big thank you for making the process easy with the password reset which made a big difference.,appreciation
I'm really grateful for your patience with my questions about the feature request which saved me a lot of time.,appreciation
Thanks so much for your professionalism with the upgrade inquiry and providing such reliable service.,appreciation
I want to thank you for making the process easy with the recent transaction and making everything stress free.,appreciation
Warm thanks for the smooth support experience with the payment clarification and keeping me informed throughout.,appreciation
Endless thanks for the smooth support experience with the profile update and delivering excellent service.,appreciation
I want to thank you for clarifying my doubts related to the subscription update which I truly appreciate.,appreciation
I truly appreciate addressing my request about the service interruption and keeping me informed throughout.,appreciation
Thank you for addressing my request regarding the refund process and making it simple to understand.,appreciation
I'm grateful for making the process easy with the recent transaction and handling it with care.,appreciation
I'm grateful for the prompt assistance with the profile update and ensuring a smooth experience.,appreciation
Thanks so much for handling my concern so efficiently about the service interruption and making it simple to understand.,appreciation
I want to thank you for your patience with my questions regarding the account verification and handling it with care.,appreciation
I can't thank you enough for making the process easy regarding the app settings and going above and beyond.,appreciation
So thankful for handling my concern so efficiently regarding the account verification which made me feel valued as a customer.,appreciation
Endless thanks for guiding me through the process about the system notification and keeping me informed throughout.,appreciation
I'm really grateful for helping me sort this out on the login difficulty which saved me a lot of time.,appreciation
I want to thank you for your attentive service on the login difficulty and resolving it so smoothly.,appreciation
A big thank you for handling my concern so efficiently about the system notification and making everything stress free.,appreciation
I'm grateful for following up so quickly about the delivery question and delivering excellent service.,appreciation
I'm grateful for resolving my issue about the system notification and responding so professionally.,appreciation
I want to thank you for guiding me through the process on the login difficulty and responding so professionally.,appreciation
I can't thank you enough for your quick response regarding my account access and keeping me informed throughout.,appreciation
My thanks for your helpful guidance with the upgrade inquiry and making it simple to understand.,appreciation
Thank you for your helpful guidance with the payment clarification and handling it with care.,appreciation
I deeply appreciate your helpful guidance about the system notification and offering such thoughtful support.,appreciation
I want to thank you for helping me sort this out about the billing concern and making everything stress free.,appreciation
I appreciate the smooth support experience with the password reset and being so courteous.,appreciation
A big thank you for your attentive service with the password reset and offering such thoughtful support.,appreciation
I genuinely appreciate helping me sort this out with the profile update and keeping me informed throughout.,appreciation
I'm grateful for the smooth support experience regarding the support ticket and offering such thoughtful support.,appreciation
Many thanks for taking care of this regarding the app settings which made a big difference.,appreciation
I can't thank you enough for resolving my issue regarding the refund process and ensuring a smooth experience.,appreciation
Endless thanks for your professionalism about the billing concern and offering such thoughtful support.,appreciation
Warm thanks for guiding me through the process regarding my account access and handling it with care.,appreciation
I'm grateful for your outstanding assistance with my recent order and taking the time to explain clearly.,appreciation
A big thank you for the prompt assistance regarding the refund process which made me feel valued as a customer.,appreciation
I want to thank you for helping me sort this out regarding the refund process and being so courteous.,appreciation
Huge thanks for your helpful guidance regarding the app settings which I truly appreciate.,appreciation
Much appreciation for the detailed explanation related to the subscription update and responding so professionally.,appreciation
I want to thank you for guiding me through the process regarding the account verification and making everything stress free.,appreciation
Huge thanks for the detailed explanation regarding the app settings which made a big difference.,appreciation
Endless thanks for your attentive service regarding my account access and being so courteous.,appreciation
Thanks so much for addressing my request about the service interruption and making the whole process seamless.,appreciation
I'm very thankful for clarifying my doubts about the billing concern and going above and beyond.,appreciation
Much appreciation for resolving my issue with my recent order and making the whole process seamless.,appreciation
I want to thank you for your outstanding assistance with the recent transaction which really helped a lot.,appreciation
Warm thanks for your quick response regarding the support ticket and responding so professionally.,appreciation
I'm grateful for your patience with my questions about the feature request which saved me a lot of time.,appreciation
I'm grateful for addressing my request about the plan modification and delivering excellent service.,appreciation
I truly appreciate your professionalism with the recent transaction which made a big difference.,appreciation
Huge thanks for the detailed explanation about the delivery question which made me feel valued as a customer.,appreciation
So thankful for taking care of this about the service interruption and being so courteous.,appreciation
I truly appreciate the detailed explanation about the plan modification and delivering excellent service.,appreciation
My thanks for the prompt assistance on the login difficulty and making everything stress free.,appreciation
So thankful for your patience with my questions on the login difficulty and handling it with care.,appreciation
Many thanks for following up so quickly regarding my account access and taking the time to explain clearly.,appreciation
I'm really grateful for taking care of this regarding the app settings and delivering excellent service.,appreciation
I'm really grateful for the prompt assistance about the plan modification and resolving it so smoothly.,appreciation
My thanks for your quick response with the payment clarification and making the whole process seamless.,appreciation
I genuinely appreciate helping me sort this out with the upgrade inquiry which I truly appreciate.,appreciation
I genuinely appreciate taking care of this about the feature request and resolving it so smoothly.,appreciation
I can't thank you enough for your outstanding assistance regarding the technical glitch and going above and beyond.,appreciation
I can't thank you enough for your quick response about the plan modification and going above and beyond.,appreciation
Much appreciation for your patience with my questions related to the subscription update and responding so professionally.,appreciation
Thanks so much for your professionalism about the service interruption and ensuring a smooth experience.,appreciation
I genuinely appreciate your patience with my questions with the profile update which exceeded my expectations.,appreciation
I deeply appreciate your outstanding assistance with my recent order and taking the time to explain clearly.,appreciation
A big thank you for guiding me through the process about the feature request and going above and beyond.,appreciation
I'm really grateful for handling my concern so efficiently regarding my account access and going above and beyond.,appreciation
I'm really grateful for your attentive service regarding my account access which made a big difference.,appreciation
I'm very thankful for making the process easy regarding the app settings which made me feel valued as a customer.,appreciation
I deeply appreciate helping me sort this out about the plan modification and resolving it so smoothly.,appreciation
Thanks so much for handling my concern so efficiently regarding my account access and being so courteous.,appreciation
So thankful for the smooth support experience with the recent transaction which exceeded my expectations.,appreciation
I deeply appreciate your helpful guidance with the payment clarification and handling it with care.,appreciation
I appreciate your consistent support with the password reset which made a big difference.,appreciation
I'm very thankful for clarifying my doubts related to the subscription update and handling it with care.,appreciation
A big thank you for your professionalism regarding the account verification and making it simple to understand.,appreciation
I sincerely value addressing my request about the system notification which I truly appreciate.,appreciation
My thanks for your quick response about the billing concern and making everything stress free.,appreciation
Much appreciation for your professionalism with the payment clarification which exceeded my expectations.,appreciation
Many thanks for resolving my issue about the service interruption and offering such thoughtful support.,appreciation
Huge thanks for making the process easy with my recent order which made me feel valued as a customer.,appreciation
Thank you for your outstanding assistance on the login difficulty which exceeded my expectations.,appreciation
I can't thank you enough for the fast turnaround regarding the account verification which I truly appreciate.,appreciation
My thanks for the detailed explanation regarding the support ticket and being so courteous.,appreciation
Much appreciation for your consistent support about the service interruption and making it simple to understand.,appreciation
Huge thanks for clarifying my doubts regarding my account access which made a big difference.,appreciation
I want to thank you for taking care of this regarding the app settings and going above and beyond.,appreciation
So thankful for addressing my request about the billing concern and providing such reliable service.,appreciation
